[{"Id":"Rotary-01","Name":"Alto 45433","Group":"Rotary","Status":0,"LastActive":"2019-08-03T12:00:00","CloudToDeviceMessages":0,"AuthType":0,"PrimaryThumbprint":null,"SecondaryThumbprint":null},{"Id":"Rotary-05","Name":"Alto 45321","Group":"Rotary","Status":1,"LastActive":"2019-08-01T10:00:00","CloudToDeviceMessages":0,"AuthType":0,"PrimaryThumbprint":null,"SecondaryThumbprint":null},{"Id":"Centrifugal-02","Name":"Chang 102001","Group":"Centrifugal","Status":0,"LastActive":"2019-08-07T14:00:00","CloudToDeviceMessages":0,"AuthType":0,"PrimaryThumbprint":null,"SecondaryThumbprint":null},{"Id":"Centrifugal-05","Name":"Hugo 901","Group":"Centrifugal","Status":0,"LastActive":"2019-08-07T11:00:00","CloudToDeviceMessages":0,"AuthType":0,"PrimaryThumbprint":null,"SecondaryThumbprint":null},{"Id":"Centrifugal-09","Name":"Hugo 902","Group":"Centrifugal","Status":0,"LastActive":"2019-08-07T11:00:00","CloudToDeviceMessages":0,"AuthType":0,"PrimaryThumbprint":null,"SecondaryThumbprint":null}]