[{"Id":"Rotary","Name":"Rotary air compressors","Telemetries":[{"Id":"IP","Name":"","Unit":""},{"Id":"CFM","Name":"","Unit":""},{"Id":"Temp","Name":"","Unit":""}]},{"Id":"Centrifugal","Name":"Centrifugal air compressors","Telemetries":[{"Id":"IP","Name":"","Unit":""},{"Id":"Temp","Name":"","Unit":""},{"Id":"MP","Name":"","Unit":""},{"Id":"cfm","Name":"","Unit":""}]},{"Id":"Reciprocal","Name":"Reciprocal air compressors","Telemetries":[{"Id":"IP","Name":"","Unit":""},{"Id":"Temp","Name":"","Unit":""},{"Id":"cfm","Name":"","Unit":""},{"Id":"MP","Name":"","Unit":""}]}]