[{"Id":"IP","Name":"Inlet Pressure","Unit":"psi"},{"Id":"Temp","Name":"Temperature","Unit":"F"},{"Id":"cfm","Name":"CFM","Unit":"m3/min"},{"Id":"mp","Name":"Motor Power","Unit":"HP"},{"Id":"IP","Name":"Inlet Pressure","Unit":"psi"},{"Id":"Temp","Name":"Temperature","Unit":"F"},{"Id":"cfm","Name":"CFM","Unit":"m3/min"},{"Id":"mp","Name":"Motor Power","Unit":"HP"},{"Id":"IP","Name":"Inlet Pressure","Unit":"psi"},{"Id":"Temp","Name":"Temperature","Unit":"F"},{"Id":"cfm","Name":"CFM","Unit":"m3/min"},{"Id":"mp","Name":"Motor Power","Unit":"HP"},{"Id":"IP","Name":"Inlet Pressure","Unit":"psi"},{"Id":"Temp","Name":"Temperature","Unit":"F"},{"Id":"cfm","Name":"CFM","Unit":"m3/min"},{"Id":"mp","Name":"Motor Power","Unit":"HP"},{"Id":"IP","Name":"Inlet Pressure","Unit":"psi"},{"Id":"Temp","Name":"Temperature","Unit":"F"},{"Id":"cfm","Name":"CFM","Unit":"m3/min"},{"Id":"mp","Name":"Motor Power","Unit":"HP"},{"Id":"IP","Name":"Inlet Pressure","Unit":"psi"},{"Id":"Temp","Name":"Temperature","Unit":"F"},{"Id":"cfm","Name":"CFM","Unit":"m3/min"},{"Id":"mp","Name":"Motor Power","Unit":"HP"},{"Id":"IP","Name":"Inlet Pressure","Unit":"psi"},{"Id":"Temp","Name":"Temperature","Unit":"F"},{"Id":"cfm","Name":"CFM","Unit":"m3/min"},{"Id":"mp","Name":"Motor Power","Unit":"HP"},{"Id":"IP","Name":"Inlet Pressure","Unit":"psi"},{"Id":"Temp","Name":"Temperature","Unit":"F"},{"Id":"cfm","Name":"CFM","Unit":"m3/min"},{"Id":"mp","Name":"Motor Power","Unit":"HP"},{"Id":"IP","Name":"Inlet Pressure","Unit":"psi"},{"Id":"Temp","Name":"Temperature","Unit":"F"},{"Id":"cfm","Name":"CFM","Unit":"m3/min"},{"Id":"mp","Name":"Motor Power","Unit":"HP"},{"Id":"IP","Name":"Inlet Pressure","Unit":"psi"},{"Id":"Temp","Name":"Temperature","Unit":"F"},{"Id":"cfm","Name":"CFM","Unit":"m3/min"},{"Id":"mp","Name":"Motor Power","Unit":"HP"},{"Id":"IP","Name":"Inlet Pressure","Unit":"psi"},{"Id":"Temp","Name":"Temperature","Unit":"F"},{"Id":"cfm","Name":"CFM","Unit":"m3/min"},{"Id":"mp","Name":"Motor Power","Unit":"HP"},{"Id":"IP","Name":"Inlet Pressure","Unit":"psi"},{"Id":"Temp","Name":"Temperature","Unit":"F"},{"Id":"cfm","Name":"CFM","Unit":"m3/min"},{"Id":"mp","Name":"Motor Power","Unit":"HP"},{"Id":"IP","Name":"Inlet Pressure","Unit":"psi"},{"Id":"Temp","Name":"Temperature","Unit":"F"},{"Id":"cfm","Name":"CFM","Unit":"m3/min"},{"Id":"mp","Name":"Motor Power","Unit":"HP"},{"Id":"IP","Name":"Inlet Pressure","Unit":"psi"},{"Id":"Temp","Name":"Temperature","Unit":"F"},{"Id":"cfm","Name":"CFM","Unit":"m3/min"},{"Id":"mp","Name":"Motor Power","Unit":"HP"},{"Id":"IP","Name":"Inlet Pressure","Unit":"psi"},{"Id":"Temp","Name":"Temperature","Unit":"F"},{"Id":"cfm","Name":"CFM","Unit":"m3/min"},{"Id":"mp","Name":"Motor Power","Unit":"HP"},{"Id":"IP","Name":"Inlet Pressure","Unit":"psi"},{"Id":"Temp","Name":"Temperature","Unit":"F"},{"Id":"cfm","Name":"CFM","Unit":"m3/min"},{"Id":"mp","Name":"Motor Power","Unit":"HP"},{"Id":"IP","Name":"Inlet Pressure","Unit":"psi"},{"Id":"Temp","Name":"Temperature","Unit":"F"},{"Id":"cfm","Name":"CFM","Unit":"m3/min"},{"Id":"mp","Name":"Motor Power","Unit":"HP"},{"Id":"IP","Name":"Inlet Pressure","Unit":"psi"},{"Id":"Temp","Name":"Temperature","Unit":"F"},{"Id":"cfm","Name":"CFM","Unit":"m3/min"},{"Id":"mp","Name":"Motor Power","Unit":"HP"},{"Id":"IP","Name":"Inlet Pressure","Unit":"psi"},{"Id":"Temp","Name":"Temperature","Unit":"F"},{"Id":"cfm","Name":"CFM","Unit":"m3/min"},{"Id":"mp","Name":"Motor Power","Unit":"HP"},{"Id":"IP","Name":"Inlet Pressure","Unit":"psi"},{"Id":"Temp","Name":"Temperature","Unit":"F"},{"Id":"cfm","Name":"CFM","Unit":"m3/min"},{"Id":"mp","Name":"Motor Power","Unit":"HP"},{"Id":"IP","Name":"Inlet Pressure","Unit":"psi"},{"Id":"Temp","Name":"Temperature","Unit":"F"},{"Id":"cfm","Name":"CFM","Unit":"m3/min"},{"Id":"mp","Name":"Motor Power","Unit":"HP"},{"Id":"IP","Name":"Inlet Pressure","Unit":"psi"},{"Id":"Temp","Name":"Temperature","Unit":"F"},{"Id":"cfm","Name":"CFM","Unit":"m3/min"},{"Id":"mp","Name":"Motor Power","Unit":"HP"},{"Id":"IP","Name":"Inlet Pressure","Unit":"psi"},{"Id":"Temp","Name":"Temperature","Unit":"F"},{"Id":"cfm","Name":"CFM","Unit":"m3/min"},{"Id":"mp","Name":"Motor Power","Unit":"HP"},{"Id":"IP","Name":"Inlet Pressure","Unit":"psi"},{"Id":"Temp","Name":"Temperature","Unit":"F"},{"Id":"cfm","Name":"CFM","Unit":"m3/min"},{"Id":"mp","Name":"Motor Power","Unit":"HP"},{"Id":"IP","Name":"Inlet Pressure","Unit":"psi"},{"Id":"Temp","Name":"Temperature","Unit":"F"},{"Id":"cfm","Name":"CFM","Unit":"m3/min"},{"Id":"mp","Name":"Motor Power","Unit":"HP"},{"Id":"IP","Name":"Inlet Pressure","Unit":"psi"},{"Id":"Temp","Name":"Temperature","Unit":"F"},{"Id":"cfm","Name":"CFM","Unit":"m3/min"},{"Id":"mp","Name":"Motor Power","Unit":"HP"},{"Id":"IP","Name":"Inlet Pressure","Unit":"psi"},{"Id":"Temp","Name":"Temperature","Unit":"F"},{"Id":"cfm","Name":"CFM","Unit":"m3/min"},{"Id":"mp","Name":"Motor Power","Unit":"HP"},{"Id":"IP","Name":"Inlet Pressure","Unit":"psi"},{"Id":"Temp","Name":"Temperature","Unit":"F"},{"Id":"cfm","Name":"CFM","Unit":"m3/min"},{"Id":"mp","Name":"Motor Power","Unit":"HP"},{"Id":"IP","Name":"Inlet Pressure","Unit":"psi"},{"Id":"Temp","Name":"Temperature","Unit":"F"},{"Id":"cfm","Name":"CFM","Unit":"m3/min"},{"Id":"mp","Name":"Motor Power","Unit":"HP"},{"Id":"IP","Name":"Inlet Pressure","Unit":"psi"},{"Id":"Temp","Name":"Temperature","Unit":"F"},{"Id":"cfm","Name":"CFM","Unit":"m3/min"},{"Id":"mp","Name":"Motor Power","Unit":"HP"},{"Id":"IP","Name":"Inlet Pressure","Unit":"psi"},{"Id":"Temp","Name":"Temperature","Unit":"F"},{"Id":"cfm","Name":"CFM","Unit":"m3/min"},{"Id":"mp","Name":"Motor Power","Unit":"HP"},{"Id":"IP","Name":"Inlet Pressure","Unit":"psi"},{"Id":"Temp","Name":"Temperature","Unit":"F"},{"Id":"cfm","Name":"CFM","Unit":"m3/min"},{"Id":"mp","Name":"Motor Power","Unit":"HP"},{"Id":"IP","Name":"Inlet Pressure","Unit":"psi"},{"Id":"Temp","Name":"Temperature","Unit":"F"},{"Id":"cfm","Name":"CFM","Unit":"m3/min"},{"Id":"mp","Name":"Motor Power","Unit":"HP"},{"Id":"IP","Name":"Inlet Pressure","Unit":"psi"},{"Id":"Temp","Name":"Temperature","Unit":"F"},{"Id":"cfm","Name":"CFM","Unit":"m3/min"},{"Id":"mp","Name":"Motor Power","Unit":"HP"},{"Id":"IP","Name":"Inlet Pressure","Unit":"psi"},{"Id":"Temp","Name":"Temperature","Unit":"F"},{"Id":"cfm","Name":"CFM","Unit":"m3/min"},{"Id":"mp","Name":"Motor Power","Unit":"HP"},{"Id":"IP","Name":"Inlet Pressure","Unit":"psi"},{"Id":"Temp","Name":"Temperature","Unit":"F"},{"Id":"cfm","Name":"CFM","Unit":"m3/min"},{"Id":"mp","Name":"Motor Power","Unit":"HP"},{"Id":"IP","Name":"Inlet Pressure","Unit":"psi"},{"Id":"Temp","Name":"Temperature","Unit":"F"},{"Id":"cfm","Name":"CFM","Unit":"m3/min"},{"Id":"mp","Name":"Motor Power","Unit":"HP"},{"Id":"IP","Name":"Inlet Pressure","Unit":"psi"},{"Id":"Temp","Name":"Temperature","Unit":"F"},{"Id":"cfm","Name":"CFM","Unit":"m3/min"},{"Id":"mp","Name":"Motor Power","Unit":"HP"},{"Id":"IP","Name":"Inlet Pressure","Unit":"psi"},{"Id":"Temp","Name":"Temperature","Unit":"F"},{"Id":"cfm","Name":"CFM","Unit":"m3/min"},{"Id":"mp","Name":"Motor Power","Unit":"HP"},{"Id":"IP","Name":"Inlet Pressure","Unit":"psi"},{"Id":"Temp","Name":"Temperature","Unit":"F"},{"Id":"cfm","Name":"CFM","Unit":"m3/min"},{"Id":"mp","Name":"Motor Power","Unit":"HP"},{"Id":"IP","Name":"Inlet Pressure","Unit":"psi"},{"Id":"Temp","Name":"Temperature","Unit":"F"},{"Id":"cfm","Name":"CFM","Unit":"m3/min"},{"Id":"mp","Name":"Motor Power","Unit":"HP"},{"Id":"IP","Name":"Inlet Pressure","Unit":"psi"},{"Id":"Temp","Name":"Temperature","Unit":"F"},{"Id":"cfm","Name":"CFM","Unit":"m3/min"},{"Id":"mp","Name":"Motor Power","Unit":"HP"},{"Id":"IP","Name":"Inlet Pressure","Unit":"psi"},{"Id":"Temp","Name":"Temperature","Unit":"F"},{"Id":"cfm","Name":"CFM","Unit":"m3/min"},{"Id":"mp","Name":"Motor Power","Unit":"HP"},{"Id":"IP","Name":"Inlet Pressure","Unit":"psi"},{"Id":"Temp","Name":"Temperature","Unit":"F"},{"Id":"cfm","Name":"CFM","Unit":"m3/min"},{"Id":"mp","Name":"Motor Power","Unit":"HP"},{"Id":"IP","Name":"Inlet Pressure","Unit":"psi"},{"Id":"Temp","Name":"Temperature","Unit":"F"},{"Id":"cfm","Name":"CFM","Unit":"m3/min"},{"Id":"mp","Name":"Motor Power","Unit":"HP"},{"Id":"IP","Name":"Inlet Pressure","Unit":"psi"},{"Id":"Temp","Name":"Temperature","Unit":"F"},{"Id":"cfm","Name":"CFM","Unit":"m3/min"},{"Id":"mp","Name":"Motor Power","Unit":"HP"},{"Id":"IP","Name":"Inlet Pressure","Unit":"psi"},{"Id":"Temp","Name":"Temperature","Unit":"F"},{"Id":"cfm","Name":"CFM","Unit":"m3/min"},{"Id":"mp","Name":"Motor Power","Unit":"HP"},{"Id":"IP","Name":"Inlet Pressure","Unit":"psi"},{"Id":"Temp","Name":"Temperature","Unit":"F"},{"Id":"cfm","Name":"CFM","Unit":"m3/min"},{"Id":"mp","Name":"Motor Power","Unit":"HP"},{"Id":"IP","Name":"Inlet Pressure","Unit":"psi"},{"Id":"Temp","Name":"Temperature","Unit":"F"},{"Id":"cfm","Name":"CFM","Unit":"m3/min"},{"Id":"mp","Name":"Motor Power","Unit":"HP"},{"Id":"IP","Name":"Inlet Pressure","Unit":"psi"},{"Id":"Temp","Name":"Temperature","Unit":"F"},{"Id":"cfm","Name":"CFM","Unit":"m3/min"},{"Id":"mp","Name":"Motor Power","Unit":"HP"},{"Id":"IP","Name":"Inlet Pressure","Unit":"psi"},{"Id":"Temp","Name":"Temperature","Unit":"F"},{"Id":"cfm","Name":"CFM","Unit":"m3/min"},{"Id":"mp","Name":"Motor Power","Unit":"HP"},{"Id":"IP","Name":"Inlet Pressure","Unit":"psi"},{"Id":"Temp","Name":"Temperature","Unit":"F"},{"Id":"cfm","Name":"CFM","Unit":"m3/min"},{"Id":"mp","Name":"Motor Power","Unit":"HP"},{"Id":"IP","Name":"Inlet Pressure","Unit":"psi"},{"Id":"Temp","Name":"Temperature","Unit":"F"},{"Id":"cfm","Name":"CFM","Unit":"m3/min"},{"Id":"mp","Name":"Motor Power","Unit":"HP"},{"Id":"IP","Name":"Inlet Pressure","Unit":"psi"},{"Id":"Temp","Name":"Temperature","Unit":"F"},{"Id":"cfm","Name":"CFM","Unit":"m3/min"},{"Id":"mp","Name":"Motor Power","Unit":"HP"},{"Id":"IP","Name":"Inlet Pressure","Unit":"psi"},{"Id":"Temp","Name":"Temperature","Unit":"F"},{"Id":"cfm","Name":"CFM","Unit":"m3/min"},{"Id":"mp","Name":"Motor Power","Unit":"HP"},{"Id":"IP","Name":"Inlet Pressure","Unit":"psi"},{"Id":"Temp","Name":"Temperature","Unit":"F"},{"Id":"cfm","Name":"CFM","Unit":"m3/min"},{"Id":"mp","Name":"Motor Power","Unit":"HP"},{"Id":"IP","Name":"Inlet Pressure","Unit":"psi"},{"Id":"Temp","Name":"Temperature","Unit":"F"},{"Id":"cfm","Name":"CFM","Unit":"m3/min"},{"Id":"mp","Name":"Motor Power","Unit":"HP"},{"Id":"IP","Name":"Inlet Pressure","Unit":"psi"},{"Id":"Temp","Name":"Temperature","Unit":"F"},{"Id":"cfm","Name":"CFM","Unit":"m3/min"},{"Id":"mp","Name":"Motor Power","Unit":"HP"}]